listing_id,host_id,neighbourhood,city,latitude,longitude,location_id,property_id
281420,1466919,Buttes-Montmartre,Paris,48.88668,2.33343,1,1
3705183,10328771,Buttes-Montmartre,Paris,48.88617,2.34515,2,2
4082273,19252768,Elysee,Paris,48.88112,2.31712,3,3
4797344,10668311,Vaugirard,Paris,48.84571,2.30584,4,4
4823489,24837558,Passy,Paris,48.855,2.26979,5,5
4898654,505535,Temple,Paris,48.86428,2.3537,6,6
6021700,8053690,Popincourt,Paris,48.86384,2.37101,7,7
6945740,5924709,Popincourt,Paris,48.86043,2.37842,8,8
7491966,35812762,Buttes-Chaumont,Paris,48.87871,2.37489,9,9
7849932,20833291,Opera,Paris,48.8779,2.33122,10,10
7995091,35014275,Gobelins,Paris,48.82296,2.34667,11,11
9011901,19939276,Hotel-de-Ville,Paris,48.85681,2.35678,12,12
9880847,18264466,Pantheon,Paris,48.83855,2.35064,13,13
9898855,10121410,Enclos-St-Laurent,Paris,48.87437,2.36208,14,14
10266213,52785202,Elysee,Paris,48.88074,2.32384,15,15
11643413,34678556,Popincourt,Paris,48.87064,2.37499,16,16
11764434,28504056,Batignolles-Monceau,Paris,48.88423,2.31339,17,17
11963112,63894099,Popincourt,Paris,48.85434,2.37293,18,18
11985909,6056099,Enclos-St-Laurent,Paris,48.8734,2.36972,19,19
12331902,23193463,Gobelins,Paris,48.83767,2.35554,20,20
12723768,16159360,Batignolles-Monceau,Paris,48.88389,2.29211,21,21
13013700,4177948,Opera,Paris,48.87842,2.33371,22,22
13135280,20256520,Opera,Paris,48.87833,2.33197,23,23
13147280,4674253,Luxembourg,Paris,48.84477,2.32525,24,24
13182340,11058384,Temple,Paris,48.86875,2.35471,25,25
13331656,10093004,Reuilly,Paris,48.84614,2.40083,26,26
13698157,9581424,Batignolles-Monceau,Paris,48.88501,2.31808,27,27
13838085,6848400,Enclos-St-Laurent,Paris,48.87511,2.35627,28,28
13857048,4928414,Buttes-Montmartre,Paris,48.8956,2.33987,29,29
13893805,17608843,Buttes-Montmartre,Paris,48.88575,2.34633,30,30
14079899,38580483,Vaugirard,Paris,48.85022,2.29148,31,31
14248895,86723201,Luxembourg,Paris,48.84695,2.3188,32,32
14598274,29469689,Temple,Paris,48.86716,2.36302,33,33
15299395,29650258,Gobelins,Paris,48.83537,2.34676,34,34
15473721,28324675,Pantheon,Paris,48.85115,2.34428,35,35
15641938,10546810,Vaugirard,Paris,48.83777,2.29152,36,36
15741295,11042692,Opera,Paris,48.88261,2.3312,37,37
15805091,102275177,Pantheon,Paris,48.83985,2.34274,38,38
16170017,4663772,Passy,Paris,48.84116,2.26235,39,39
16371887,15704938,Popincourt,Paris,48.86215,2.36991,40,40
17331403,27805264,Popincourt,Paris,48.86359,2.36988,41,41
17551702,31843467,Menilmontant,Paris,48.87197,2.40102,42,42
17680112,2439549,Enclos-St-Laurent,Paris,48.88211,2.35177,43,43
17843771,29885525,Buttes-Montmartre,Paris,48.89374,2.33416,44,44
18166061,7988011,Popincourt,Paris,48.86314,2.3789,45,45
18269125,15958484,Batignolles-Monceau,Paris,48.8896,2.32046,46,46
19322129,5218608,Pantheon,Paris,48.84011,2.35212,47,47
19444880,6813838,Popincourt,Paris,48.8582,2.38306,48,48
19929905,39907954,Vaugirard,Paris,48.84339,2.28348,49,49
19940449,12727022,Menilmontant,Paris,48.85899,2.39228,50,50
19944091,25126708,Buttes-Montmartre,Paris,48.8823,2.33789,51,51
19967211,135107100,Buttes-Montmartre,Paris,48.88328,2.34106,52,52
20202807,85055057,Observatoire,Paris,48.83106,2.33218,53,53
20860027,5096358,Popincourt,Paris,48.86849,2.37181,54,54
21038462,65489204,Enclos-St-Laurent,Paris,48.87478,2.35681,55,55
21156159,3635556,Enclos-St-Laurent,Paris,48.8723,2.37481,56,56
21231230,131820645,Buttes-Montmartre,Paris,48.89049,2.33268,57,57
21961806,20162025,Menilmontant,Paris,48.85697,2.39986,58,58
23636300,48646258,Buttes-Chaumont,Paris,48.87395,2.38474,59,59
23726864,63122696,Popincourt,Paris,48.85435,2.38653,60,60
25205911,10693645,Buttes-Montmartre,Paris,48.89408,2.34878,61,61
25439485,192032202,Popincourt,Paris,48.86688,2.38302,62,62
25969750,27142175,Reuilly,Paris,48.84998,2.38029,63,63
26114625,8079488,Opera,Paris,48.87849,2.34333,64,64
27716734,16205186,Popincourt,Paris,48.85435,2.37804,65,65
27949347,10471371,Enclos-St-Laurent,Paris,48.87838,2.35099,66,66
28446842,31865771,Menilmontant,Paris,48.87447,2.38701,67,67
29794817,85604502,Popincourt,Paris,48.8636,2.37288,68,68
30347838,190452933,Batignolles-Monceau,Paris,48.87671,2.28885,69,69
30583783,208645243,Batignolles-Monceau,Paris,48.88656,2.31711,70,70
30770048,17856448,Palais-Bourbon,Paris,48.85994,2.32425,71,71
31097234,47634024,Enclos-St-Laurent,Paris,48.87133,2.352,72,72
31314982,29885190,Batignolles-Monceau,Paris,48.89002,2.32339,73,73
31990119,88961787,Reuilly,Paris,48.84341,2.40503,74,74
32539506,185197774,Buttes-Montmartre,Paris,48.89044,2.33198,75,75
32571299,243868011,Buttes-Montmartre,Paris,48.89062,2.33534,76,76
32601193,64772941,Buttes-Montmartre,Paris,48.89162,2.34764,77,77
32695352,2366457,Buttes-Montmartre,Paris,48.88767,2.35197,78,78
32881124,44668910,Menilmontant,Paris,48.8669,2.3954,79,79
33106514,195852801,Bourse,Paris,48.86993,2.35043,80,80
33263741,16043554,Enclos-St-Laurent,Paris,48.87139,2.35346,81,81
33554444,50310003,Temple,Paris,48.8626,2.36426,82,82
33794646,6441544,Enclos-St-Laurent,Paris,48.87932,2.35416,83,83
33871799,21981244,Enclos-St-Laurent,Paris,48.87846,2.3564,84,84
34086057,7962061,Buttes-Montmartre,Paris,48.89325,2.33132,85,85
34387369,6554108,Opera,Paris,48.87509,2.33326,86,86
34646778,26982028,Passy,Paris,48.84839,2.273,87,87
34860468,162221993,Popincourt,Paris,48.85679,2.38678,88,88
34975654,44776729,Opera,Paris,48.88028,2.34297,89,89
35180577,28380961,Enclos-St-Laurent,Paris,48.87368,2.35276,90,90
35478633,901882,Enclos-St-Laurent,Paris,48.87337,2.36006,91,91
35543595,267414503,Buttes-Montmartre,Paris,48.89608,2.34888,92,92
36433676,190120808,Gobelins,Paris,48.82516,2.35102,93,93
37372446,16014727,Observatoire,Paris,48.82502,2.334,94,94
39578618,135816126,Buttes-Montmartre,Paris,48.89131,2.32705,95,95
39661325,10573900,Vaugirard,Paris,48.83675,2.29896,96,96
40138837,70226434,Buttes-Montmartre,Paris,48.88639,2.33891,97,97
40414327,29214798,Popincourt,Paris,48.86327,2.38427,98,98
40479799,13803334,Popincourt,Paris,48.85936,2.38572,99,99
40673335,315461678,Louvre,Paris,48.86064,2.34266,100,100
41221517,4120103,Buttes-Montmartre,Paris,48.88841,2.34944,101,101
7815159,24162806,Menilmontant,Paris,48.86436,2.39678,102,102
9404380,48769353,Opera,Paris,48.87647,2.33309,103,103
11784311,4356767,Popincourt,Paris,48.86802,2.38148,104,104
12635550,31773172,Observatoire,Paris,48.83541,2.32517,105,105
17033199,13343414,Buttes-Montmartre,Paris,48.88649,2.34737,106,106
17571318,80926098,Vaugirard,Paris,48.8456,2.30045,107,107
19434766,57172063,Batignolles-Monceau,Paris,48.87894,2.28685,108,108
19797495,23742945,Louvre,Paris,48.85584,2.34308,109,109
19982685,47498242,Reuilly,Paris,48.84628,2.38534,110,110
20011589,54036233,Menilmontant,Paris,48.87283,2.38839,111,111
25455308,17119333,Buttes-Montmartre,Paris,48.88963,2.36267,112,112
28117805,32354115,Buttes-Montmartre,Paris,48.88983,2.36057,113,113
28283916,18128822,Enclos-St-Laurent,Paris,48.87223,2.37009,114,114
30461794,4300390,Palais-Bourbon,Paris,48.85528,2.30594,115,115
35080094,37118482,Buttes-Montmartre,Paris,48.88948,2.32726,116,116
38128831,36879135,Batignolles-Monceau,Paris,48.87843,2.28413,117,117
464235,2306879,Buttes-Montmartre,Paris,48.89123,2.34186,118,118
2088571,10407558,Gobelins,Paris,48.83086,2.35459,119,119
3632090,16315943,Vaugirard,Paris,48.84651,2.2998,120,120
3753236,3282160,Vaugirard,Paris,48.8457,2.28537,121,121
3795260,19456266,Reuilly,Paris,48.84141,2.38559,122,122
5190949,7338012,Popincourt,Paris,48.86938,2.37258,123,123
5744891,29796365,Buttes-Montmartre,Paris,48.8913,2.36431,124,124
6022963,2078696,Enclos-St-Laurent,Paris,48.87137,2.37132,125,125
6269782,14781426,Temple,Paris,48.86277,2.35235,126,126
6449299,22031118,Reuilly,Paris,48.8442,2.39078,127,127
6558030,3010513,Temple,Paris,48.86074,2.36366,128,128
6746746,30038377,Elysee,Paris,48.87158,2.31505,129,129
6834461,32493233,Opera,Paris,48.88126,2.33207,130,130
6890207,16989662,Buttes-Montmartre,Paris,48.8936,2.34318,131,131
7028549,1280317,Batignolles-Monceau,Paris,48.88117,2.28399,132,132
7090670,37164986,Batignolles-Monceau,Paris,48.89635,2.31901,133,133
7201674,37709490,Palais-Bourbon,Paris,48.86017,2.30412,134,134
7567920,7671374,Vaugirard,Paris,48.84343,2.3013,135,135
7728575,40611019,Passy,Paris,48.84098,2.25956,136,136
7977959,6571172,Buttes-Montmartre,Paris,48.89002,2.34487,137,137
8008610,42284217,Elysee,Paris,48.87577,2.32548,138,138
8061863,12732660,Popincourt,Paris,48.85409,2.38458,139,139
8322943,43875722,Buttes-Montmartre,Paris,48.88533,2.33393,140,140
9266503,18401754,Gobelins,Paris,48.83263,2.3438,141,141
9577145,9346489,Vaugirard,Paris,48.84335,2.32111,142,142
9809978,9644140,Batignolles-Monceau,Paris,48.88498,2.31938,143,143
10620549,9211183,Opera,Paris,48.881,2.33119,144,144
10855807,3265747,Temple,Paris,48.8629,2.35302,145,145
11208048,17562563,Popincourt,Paris,48.86805,2.37896,146,146
11989289,22473291,Opera,Paris,48.87601,2.34111,147,147
12126784,5978775,Buttes-Chaumont,Paris,48.8769,2.39831,148,148
12372876,11807966,Popincourt,Paris,48.85849,2.36931,149,149
13053619,15816937,Batignolles-Monceau,Paris,48.88611,2.31587,150,150
13151768,57385528,Vaugirard,Paris,48.84374,2.28783,151,151
13740116,14423479,Buttes-Montmartre,Paris,48.88678,2.32653,152,152
14398869,29389203,Buttes-Chaumont,Paris,48.87873,2.37484,153,153
16272214,106418240,Vaugirard,Paris,48.84903,2.30427,154,154
18075442,7317445,Batignolles-Monceau,Paris,48.88389,2.31427,155,155
18574764,34676906,Temple,Paris,48.86325,2.36548,156,156
18659233,64548878,Buttes-Montmartre,Paris,48.89326,2.34434,157,157
19503147,132752236,Louvre,Paris,48.86033,2.34838,158,158
19705347,5013745,Vaugirard,Paris,48.85133,2.28856,159,159
20407329,5373088,Popincourt,Paris,48.85817,2.37301,160,160
20533885,15178652,Menilmontant,Paris,48.84862,2.39931,161,161
21159849,37069485,Buttes-Montmartre,Paris,48.8943,2.34449,162,162
21598393,24837318,Vaugirard,Paris,48.83794,2.28713,163,163
21859066,65022504,Buttes-Montmartre,Paris,48.88757,2.355,164,164
22092293,83117134,Passy,Paris,48.85758,2.28354,165,165
22820303,30682958,Popincourt,Paris,48.85776,2.38214,166,166
24436648,9024600,Luxembourg,Paris,48.84679,2.31958,167,167
26079158,28119957,Buttes-Montmartre,Paris,48.895,2.34325,168,168
26296000,12733841,Bourse,Paris,48.871,2.34565,169,169
27304845,31350186,Vaugirard,Paris,48.84319,2.28348,170,170
29795538,224162255,Observatoire,Paris,48.82025,2.34341,171,171
30080331,16737249,Opera,Paris,48.87874,2.34312,172,172
31350246,7626356,Batignolles-Monceau,Paris,48.89168,2.31739,173,173
32632211,2103570,Popincourt,Paris,48.85751,2.37838,174,174
33368034,47115887,Enclos-St-Laurent,Paris,48.8697,2.35871,175,175
33554352,43675748,Vaugirard,Paris,48.85022,2.29379,176,176
33566195,132844648,Gobelins,Paris,48.83234,2.34383,177,177
33788676,254853853,Reuilly,Paris,48.83494,2.3995,178,178
33789971,254573117,Popincourt,Paris,48.85957,2.38009,179,179
34458221,10711736,Buttes-Chaumont,Paris,48.88708,2.38369,180,180
35135572,5004944,Buttes-Montmartre,Paris,48.89517,2.34576,181,181
35926853,15553502,Vaugirard,Paris,48.84515,2.29447,182,182
36271097,86275023,Observatoire,Paris,48.82937,2.31975,183,183
36473644,42053643,Buttes-Chaumont,Paris,48.88797,2.39224,184,184
36550470,7392552,Popincourt,Paris,48.85068,2.39819,185,185
38630218,12319057,Palais-Bourbon,Paris,48.85966,2.3042,186,186
39082979,6829465,Vaugirard,Paris,48.84482,2.27814,187,187
40522008,37167959,Enclos-St-Laurent,Paris,48.87311,2.35027,188,188
40559632,244929282,Gobelins,Paris,48.82881,2.34424,189,189
40678758,7947103,Enclos-St-Laurent,Paris,48.87986,2.36726,190,190
28336095,5328872,Enclos-St-Laurent,Paris,48.86925,2.3591,191,191
29707160,119401174,Buttes-Montmartre,Paris,48.89107,2.32695,192,192
30809640,7418211,Passy,Paris,48.86874,2.28039,193,193
31377174,48075329,Buttes-Montmartre,Paris,48.88352,2.34135,194,194
31687408,34168234,Popincourt,Paris,48.8669,2.37911,195,195
33827090,88110360,Pantheon,Paris,48.84582,2.35527,196,196
34113134,11221462,Menilmontant,Paris,48.86714,2.38349,197,197
34429350,1830036,Louvre,Paris,48.8646,2.33088,198,198
37165033,4813722,Batignolles-Monceau,Paris,48.88936,2.31819,199,199
1639611,7628370,Louvre,Paris,48.86147,2.34886,200,200
1849442,9659668,Opera,Paris,48.87919,2.34237,201,201
3428637,1481415,Batignolles-Monceau,Paris,48.88679,2.30986,202,202
3451758,17396074,Popincourt,Paris,48.86523,2.36985,203,203
5555235,24411952,Gobelins,Paris,48.82518,2.36323,204,204
6061582,31461718,Popincourt,Paris,48.86202,2.37049,205,205
6431444,33568537,Palais-Bourbon,Paris,48.85006,2.31887,206,206
6488280,33907684,Opera,Paris,48.88089,2.33488,207,207
6805489,35624832,Buttes-Montmartre,Paris,48.88563,2.34974,208,208
9323504,38057974,Buttes-Chaumont,Paris,48.88461,2.39503,209,209
10418866,53661255,Luxembourg,Paris,48.85136,2.33537,210,210
13277641,74838902,Popincourt,Paris,48.8505,2.39279,211,211
13368010,16391271,Luxembourg,Paris,48.85456,2.34018,212,212
14839111,33217012,Batignolles-Monceau,Paris,48.8884,2.32249,213,213
17494658,48856422,Reuilly,Paris,48.83565,2.39533,214,214
19651478,9704186,Enclos-St-Laurent,Paris,48.87446,2.35456,215,215
20684017,80778477,Luxembourg,Paris,48.84436,2.32953,216,216
20881122,21157896,Hotel-de-Ville,Paris,48.8562,2.36361,217,217
21159204,36557945,Buttes-Chaumont,Paris,48.87771,2.39035,218,218
22103278,95310154,Pantheon,Paris,48.84457,2.34642,219,219
24530087,185305612,Luxembourg,Paris,48.85348,2.33151,220,220
26288946,16274439,Buttes-Montmartre,Paris,48.89233,2.34235,221,221
26386929,198418962,Buttes-Chaumont,Paris,48.8755,2.39255,222,222
28115595,13117293,Buttes-Montmartre,Paris,48.88446,2.34236,223,223
29228253,27032739,Palais-Bourbon,Paris,48.85787,2.32809,224,224
30513205,94631514,Buttes-Montmartre,Paris,48.88446,2.34398,225,225
33261730,16620753,Batignolles-Monceau,Paris,48.89211,2.32191,226,226
33580724,30202241,Opera,Paris,48.8805,2.34085,227,227
35449054,40221653,Buttes-Montmartre,Paris,48.89284,2.34374,228,228
36999957,202027203,Batignolles-Monceau,Paris,48.89307,2.31818,229,229
38356949,9917281,Menilmontant,Paris,48.87257,2.38802,230,230
5666948,14762464,Menilmontant,Paris,48.87029,2.39676,231,231
13186902,39815922,Vaugirard,Paris,48.84082,2.29651,232,232
16515892,15215553,Enclos-St-Laurent,Paris,48.87643,2.3707,233,233
18848110,114218911,Buttes-Montmartre,Paris,48.88792,2.35324,234,234
19361227,93419704,Enclos-St-Laurent,Paris,48.8704,2.36834,235,235
19496130,17286714,Buttes-Montmartre,Paris,48.89454,2.34527,236,236
19658800,83263275,Enclos-St-Laurent,Paris,48.8744,2.36145,237,237
19692803,26722322,Temple,Paris,48.86324,2.3557,238,238
20827832,8624440,Buttes-Chaumont,Paris,48.87765,2.38411,239,239
21364985,27630628,Batignolles-Monceau,Paris,48.88578,2.32523,240,240
23725337,14321712,Popincourt,Paris,48.85716,2.38565,241,241
24933489,12835991,Buttes-Montmartre,Paris,48.8908,2.33034,242,242
27784752,18780157,Observatoire,Paris,48.83232,2.31713,243,243
28405703,8329289,Buttes-Montmartre,Paris,48.88262,2.33719,244,244
29356697,75599998,Reuilly,Paris,48.8436,2.38135,245,245
30499946,52259711,Vaugirard,Paris,48.84408,2.29337,246,246
33511470,7574928,Buttes-Montmartre,Paris,48.88353,2.34182,247,247
34847809,12967940,Buttes-Montmartre,Paris,48.88729,2.34984,248,248
35345798,184593018,Pantheon,Paris,48.84296,2.3545,249,249
35671519,10706805,Pantheon,Paris,48.83914,2.35063,250,250
36743612,5044401,Buttes-Montmartre,Paris,48.89485,2.34401,251,251
40562732,65642108,Enclos-St-Laurent,Paris,48.88183,2.35205,252,252
40646480,315193802,Popincourt,Paris,48.86597,2.36979,253,253
417641,2076540,Luxembourg,Paris,48.84684,2.31798,254,254
697550,3573791,Enclos-St-Laurent,Paris,48.87957,2.3617,255,255
1376240,7456534,Buttes-Chaumont,Paris,48.87806,2.37584,256,256
1701933,8985349,Temple,Paris,48.86523,2.35901,257,257
3298013,16659185,Buttes-Montmartre,Paris,48.88832,2.33802,258,258
3352553,16916599,Reuilly,Paris,48.84055,2.3984,259,259
3630731,8448776,Bourse,Paris,48.86953,2.33625,260,260
3661319,18334311,Elysee,Paris,48.87611,2.3241,261,261
5463253,28336422,Temple,Paris,48.86189,2.35258,262,262
5494939,4064608,Buttes-Montmartre,Paris,48.88784,2.35482,263,263
5670674,29399919,Vaugirard,Paris,48.84154,2.30698,264,264
5772801,1585170,Batignolles-Monceau,Paris,48.88949,2.32035,265,265
5889344,30277542,Popincourt,Paris,48.8563,2.37642,266,266
6165201,10032053,Buttes-Montmartre,Paris,48.89037,2.34181,267,267
6281346,6635477,Batignolles-Monceau,Paris,48.89339,2.3214,268,268
6523574,34116326,Buttes-Montmartre,Paris,48.89164,2.344,269,269
6542518,7103223,Reuilly,Paris,48.85186,2.37234,270,270
6775861,35475971,Reuilly,Paris,48.84575,2.40717,271,271
6826242,3875016,Opera,Paris,48.87911,2.34631,272,272
6955277,29119855,Reuilly,Paris,48.84036,2.39407,273,273
7586315,2105588,Buttes-Chaumont,Paris,48.89213,2.37699,274,274
8062647,4954126,Popincourt,Paris,48.86537,2.38261,275,275
8076840,38746005,Pantheon,Paris,48.83796,2.35357,276,276
8433136,4151113,Vaugirard,Paris,48.84682,2.31114,277,277
8496713,24371503,Buttes-Montmartre,Paris,48.89143,2.33552,278,278
8966477,3052910,Menilmontant,Paris,48.86783,2.38898,279,279
9530275,22146757,Hotel-de-Ville,Paris,48.85623,2.35296,280,280
9587398,22109663,Opera,Paris,48.88193,2.34712,281,281
9766952,14648288,Popincourt,Paris,48.85151,2.38238,282,282
11524770,35700894,Gobelins,Paris,48.82517,2.34292,283,283
11649337,14967756,Buttes-Montmartre,Paris,48.89026,2.33018,284,284
12466913,7441109,Observatoire,Paris,48.83073,2.31506,285,285
12519008,939199,Bourse,Paris,48.86937,2.34398,286,286
12617969,64314951,Hotel-de-Ville,Paris,48.85263,2.362,287,287
12805957,11258511,Enclos-St-Laurent,Paris,48.88071,2.36486,288,288
12807589,21000794,Popincourt,Paris,48.86159,2.37421,289,289
12862702,70110443,Buttes-Chaumont,Paris,48.88889,2.38488,290,290
13027513,39943105,Popincourt,Paris,48.86341,2.37626,291,291
13090523,9527566,Popincourt,Paris,48.85799,2.37302,292,292
13257235,40527438,Palais-Bourbon,Paris,48.85842,2.30136,293,293
13672150,79530365,Luxembourg,Paris,48.84504,2.32236,294,294
13840562,41928433,Pantheon,Paris,48.84175,2.36168,295,295
13859323,81886852,Opera,Paris,48.87763,2.34372,296,296
14018477,2613879,Temple,Paris,48.86266,2.36399,297,297
14050848,15011685,Popincourt,Paris,48.85956,2.38122,298,298
14107852,77101205,Buttes-Montmartre,Paris,48.88771,2.34576,299,299
15460547,6038515,Buttes-Montmartre,Paris,48.88873,2.35624,300,300
15993965,28451433,Observatoire,Paris,48.83805,2.3302,301,301
16373043,31416332,Popincourt,Paris,48.85973,2.3773,302,302
17010754,52867594,Popincourt,Paris,48.86751,2.37701,303,303
17033100,9157096,Reuilly,Paris,48.85079,2.37671,304,304
17198322,18460117,Popincourt,Paris,48.85817,2.38425,305,305
17769230,18333241,Buttes-Chaumont,Paris,48.8827,2.37285,306,306
18119413,124852037,Batignolles-Monceau,Paris,48.88388,2.29185,307,307
18445845,127811801,Vaugirard,Paris,48.84356,2.28261,308,308
18556036,18704207,Opera,Paris,48.87928,2.33791,309,309
19615097,22788779,Buttes-Montmartre,Paris,48.88896,2.32739,310,310
19690156,138698101,Popincourt,Paris,48.85109,2.38547,311,311
19694819,77648995,Popincourt,Paris,48.85656,2.37813,312,312
19718204,10021123,Batignolles-Monceau,Paris,48.87739,2.29594,313,313
19904052,28623256,Buttes-Montmartre,Paris,48.88621,2.33784,314,314
20430125,8151095,Temple,Paris,48.86443,2.35811,315,315
20498768,36158582,Hotel-de-Ville,Paris,48.84881,2.36532,316,316
20744700,12430239,Opera,Paris,48.88341,2.34764,317,317
21431827,9552112,Batignolles-Monceau,Paris,48.8857,2.3107,318,318
21435664,17978035,Observatoire,Paris,48.8293,2.335,319,319
21751841,8976281,Luxembourg,Paris,48.84496,2.33161,320,320
21871417,19795188,Menilmontant,Paris,48.87069,2.38027,321,321
21905709,8403809,Vaugirard,Paris,48.85118,2.29318,322,322
22063056,14059609,Passy,Paris,48.84056,2.26127,323,323
22226543,9477674,Batignolles-Monceau,Paris,48.89273,2.32559,324,324
22557322,17111190,Buttes-Montmartre,Paris,48.88804,2.33514,325,325
23815030,11877969,Vaugirard,Paris,48.84034,2.28692,326,326
24405281,8279070,Louvre,Paris,48.86558,2.33578,327,327
24552112,110981560,Buttes-Chaumont,Paris,48.88621,2.38953,328,328
24728176,69744283,Buttes-Montmartre,Paris,48.89155,2.34067,329,329
25388057,79074344,Popincourt,Paris,48.8695,2.37343,330,330
26379451,50510145,Vaugirard,Paris,48.84301,2.3182,331,331
26583037,23452871,Buttes-Montmartre,Paris,48.88719,2.34429,332,332
26864038,9949460,Popincourt,Paris,48.8619,2.38191,333,333
27243974,79302999,Palais-Bourbon,Paris,48.85522,2.3025,334,334
27331032,9894416,Popincourt,Paris,48.84945,2.38897,335,335
27368062,31266893,Buttes-Chaumont,Paris,48.89181,2.37769,336,336
27425151,23550079,Temple,Paris,48.86014,2.36147,337,337
27461743,225541,Popincourt,Paris,48.85345,2.39136,338,338
27538281,207735872,Reuilly,Paris,48.84949,2.38278,339,339
27562945,5284284,Enclos-St-Laurent,Paris,48.87112,2.36309,340,340
27589736,16129564,Popincourt,Paris,48.85979,2.38271,341,341
27590151,11894156,Menilmontant,Paris,48.85739,2.39746,342,342
28149155,20304178,Temple,Paris,48.86201,2.36304,343,343
28533903,215351779,Opera,Paris,48.87456,2.34747,344,344
28995839,17240711,Buttes-Montmartre,Paris,48.88494,2.34196,345,345
29724588,178434041,Bourse,Paris,48.86461,2.34827,346,346
29812995,2600548,Palais-Bourbon,Paris,48.85901,2.32989,347,347
30372462,228031134,Opera,Paris,48.87477,2.34779,348,348
30783846,46827135,Passy,Paris,48.84258,2.26424,349,349
30973467,17629373,Passy,Paris,48.85216,2.27434,350,350
31710837,75962630,Popincourt,Paris,48.86007,2.38162,351,351
32832091,246980295,Buttes-Chaumont,Paris,48.87615,2.38126,352,352
32883651,27532933,Buttes-Chaumont,Paris,48.89431,2.38307,353,353
32897351,6490973,Buttes-Chaumont,Paris,48.87585,2.37561,354,354
32951688,6179866,Menilmontant,Paris,48.86305,2.40282,355,355
34106044,22358765,Batignolles-Monceau,Paris,48.87873,2.28654,356,356
34133304,123273606,Popincourt,Paris,48.85349,2.37777,357,357
34337617,17948264,Buttes-Montmartre,Paris,48.88879,2.34828,358,358
34771591,262201301,Passy,Paris,48.86441,2.28352,359,359
35228784,10629464,Buttes-Montmartre,Paris,48.8909,2.3438,360,360
35256993,31474686,Vaugirard,Paris,48.84791,2.28588,361,361
35858271,24722849,Buttes-Montmartre,Paris,48.89074,2.34503,362,362
36120382,10848858,Enclos-St-Laurent,Paris,48.87273,2.36518,363,363
36441565,4078122,Buttes-Montmartre,Paris,48.89088,2.33671,364,364
36547155,1275290,Buttes-Chaumont,Paris,48.88271,2.37365,365,365
37436449,23550079,Temple,Paris,48.86131,2.3622,366,366
37444620,7222614,Menilmontant,Paris,48.85269,2.40505,367,367
37477565,17804466,Buttes-Montmartre,Paris,48.88972,2.33518,368,368
37578022,283639468,Pantheon,Paris,48.84453,2.34651,369,369
38571482,93134319,Luxembourg,Paris,48.85641,2.34036,370,370
40718627,905032,Enclos-St-Laurent,Paris,48.8705,2.35697,371,371
170599,813809,Menilmontant,Paris,48.86756,2.40265,372,372
634680,3161395,Buttes-Chaumont,Paris,48.87757,2.38553,373,373
1277179,3392194,Popincourt,Paris,48.85161,2.3903,374,374
1464718,7468570,Pantheon,Paris,48.84725,2.3469,375,375
1507366,2094288,Pantheon,Paris,48.8419,2.35375,376,376
1749935,6758790,Popincourt,Paris,48.85541,2.37158,377,377
1959687,8935301,Hotel-de-Ville,Paris,48.85995,2.3499,378,378
2475045,2215167,Menilmontant,Paris,48.87313,2.38754,379,379
2538421,12997526,Batignolles-Monceau,Paris,48.88767,2.32233,380,380
2581820,13220916,Temple,Paris,48.86354,2.35856,381,381
2711895,12786991,Popincourt,Paris,48.85304,2.37415,382,382
2840832,10075956,Temple,Paris,48.8636,2.35585,383,383
3562867,17938179,Opera,Paris,48.87831,2.34103,384,384
3716928,13661034,Temple,Paris,48.86099,2.36075,385,385
3734672,19090012,Popincourt,Paris,48.86609,2.37386,386,386
4221091,12113916,Passy,Paris,48.86098,2.28554,387,387
4603069,23854454,Buttes-Montmartre,Paris,48.88656,2.33517,388,388
4661616,24121498,Pantheon,Paris,48.84062,2.35666,389,389
4956549,14125245,Batignolles-Monceau,Paris,48.88447,2.31549,390,390
5029201,25959249,Pantheon,Paris,48.84712,2.34201,391,391
5306142,27482292,Luxembourg,Paris,48.85121,2.33388,392,392
5438443,6587156,Popincourt,Paris,48.85114,2.38568,393,393
5503149,703990,Vaugirard,Paris,48.83648,2.29537,394,394
5743176,5934910,Opera,Paris,48.8795,2.32785,395,395
6045141,26507714,Bourse,Paris,48.86667,2.35009,396,396
6091393,14475363,Opera,Paris,48.88089,2.33919,397,397
6154000,19074849,Passy,Paris,48.86716,2.28914,398,398
6288374,6240353,Buttes-Montmartre,Paris,48.88983,2.33972,399,399
6468937,33794936,Reuilly,Paris,48.84943,2.38022,400,400
6985770,1766970,Enclos-St-Laurent,Paris,48.87151,2.36303,401,401
6987996,16521678,Temple,Paris,48.86134,2.36144,402,402
7062947,24822921,Reuilly,Paris,48.84686,2.39673,403,403
7080332,22843941,Vaugirard,Paris,48.8497,2.29613,404,404
7126037,34057960,Passy,Paris,48.87337,2.28632,405,405
7263259,38026277,Luxembourg,Paris,48.8502,2.33612,406,406
7488035,6623122,Popincourt,Paris,48.85397,2.39379,407,407
7514505,39368853,Popincourt,Paris,48.85006,2.39433,408,408
7805151,33674695,Vaugirard,Paris,48.84342,2.28863,409,409
7910718,22147699,Buttes-Chaumont,Paris,48.88516,2.38294,410,410
8010773,4264311,Enclos-St-Laurent,Paris,48.87155,2.36818,411,411
8019511,42347122,Hotel-de-Ville,Paris,48.85225,2.36294,412,412
8251221,12646939,Vaugirard,Paris,48.84207,2.31793,413,413
8267495,16702858,Opera,Paris,48.87976,2.34877,414,414
8733116,9224928,Enclos-St-Laurent,Paris,48.87131,2.36731,415,415
8787186,21434605,Popincourt,Paris,48.86825,2.37511,416,416
8854728,46361430,Buttes-Montmartre,Paris,48.89108,2.32699,417,417
8954359,32141981,Popincourt,Paris,48.85777,2.37391,418,418
9069481,47304655,Passy,Paris,48.84231,2.26873,419,419
9071245,5602634,Enclos-St-Laurent,Paris,48.87663,2.35517,420,420
9134201,20071298,Buttes-Montmartre,Paris,48.88599,2.3604,421,421
9405159,48772763,Buttes-Chaumont,Paris,48.87776,2.37781,422,422
10264798,4645487,Popincourt,Paris,48.8578,2.37079,423,423
10347142,53255242,Temple,Paris,48.86234,2.35402,424,424
10629543,53900829,Menilmontant,Paris,48.86462,2.39414,425,425
10974882,19245894,Elysee,Paris,48.87453,2.31608,426,426
11084324,18704150,Temple,Paris,48.86271,2.36437,427,427
11546738,25069157,Enclos-St-Laurent,Paris,48.87143,2.36053,428,428
11559006,61048060,Elysee,Paris,48.87333,2.31441,429,429
11848476,39147746,Buttes-Montmartre,Paris,48.88803,2.34682,430,430
11923031,63627648,Vaugirard,Paris,48.84291,2.30221,431,431
12101838,64885792,Buttes-Montmartre,Paris,48.88299,2.3384,432,432
12107982,21682024,Popincourt,Paris,48.85362,2.37606,433,433
12298871,30300137,Pantheon,Paris,48.84147,2.33862,434,434
12534922,67908558,Bourse,Paris,48.86679,2.34459,435,435
13217410,62788832,Temple,Paris,48.86677,2.35934,436,436
13243313,4926483,Popincourt,Paris,48.85652,2.37268,437,437
13364507,7856986,Opera,Paris,48.88322,2.33367,438,438
14061828,36181988,Vaugirard,Paris,48.84085,2.28595,439,439
14120954,10122136,Enclos-St-Laurent,Paris,48.87334,2.35459,440,440
14130462,85246570,Popincourt,Paris,48.85029,2.391,441,441
14263980,86907247,Popincourt,Paris,48.86484,2.36709,442,442
14825430,58382308,Buttes-Montmartre,Paris,48.89023,2.3402,443,443
15371284,13856161,Popincourt,Paris,48.85076,2.39154,444,444
15934724,6273195,Observatoire,Paris,48.83171,2.33472,445,445
16026957,104257242,Louvre,Paris,48.86421,2.34045,446,446
16848231,30575091,Buttes-Chaumont,Paris,48.88846,2.37461,447,447
19073825,55314528,Batignolles-Monceau,Paris,48.88264,2.29329,448,448
19267294,134913780,Menilmontant,Paris,48.85146,2.39956,449,449
19485359,116398309,Elysee,Paris,48.87968,2.32272,450,450
20009904,3224654,Opera,Paris,48.88226,2.34834,451,451
20023964,35440004,Luxembourg,Paris,48.85509,2.33723,452,452
20631952,16516803,Passy,Paris,48.86908,2.27644,453,453
20814883,149273716,Passy,Paris,48.84115,2.25813,454,454
21734080,58582649,Menilmontant,Paris,48.87321,2.38644,455,455
22174447,44599644,Reuilly,Paris,48.84072,2.39094,456,456
22221484,47896683,Buttes-Montmartre,Paris,48.89444,2.36324,457,457
22398948,56964793,Elysee,Paris,48.87374,2.32172,458,458
22607340,166346727,Menilmontant,Paris,48.86327,2.40203,459,459
22940719,32740906,Buttes-Montmartre,Paris,48.89419,2.34469,460,460
25412789,11994650,Opera,Paris,48.87671,2.34387,461,461
25444250,1401867,Popincourt,Paris,48.86933,2.37269,462,462
25721748,6254175,Popincourt,Paris,48.8594,2.37631,463,463
26627552,75059644,Opera,Paris,48.87246,2.3425,464,464
26628157,2333149,Popincourt,Paris,48.86878,2.37125,465,465
27016877,761598,Popincourt,Paris,48.86585,2.37046,466,466
27097255,203466688,Palais-Bourbon,Paris,48.86109,2.30964,467,467
27120321,19468190,Buttes-Montmartre,Paris,48.8913,2.32834,468,468
27177544,63090009,Observatoire,Paris,48.82426,2.3307,469,469
28311650,213799589,Popincourt,Paris,48.85489,2.39027,470,470
28637460,63265212,Popincourt,Paris,48.85873,2.37862,471,471
28781816,44376428,Temple,Paris,48.86198,2.35113,472,472
29108950,4793026,Buttes-Montmartre,Paris,48.88425,2.3389,473,473
30298309,50492486,Vaugirard,Paris,48.83879,2.28589,474,474
30515212,37049988,Batignolles-Monceau,Paris,48.88944,2.32421,475,475
31701696,45182167,Buttes-Montmartre,Paris,48.88303,2.3399,476,476
32274369,15019040,Popincourt,Paris,48.85671,2.37665,477,477
32736466,2338337,Popincourt,Paris,48.86133,2.38034,478,478
32776185,246526581,Popincourt,Paris,48.85617,2.37635,479,479
32778493,76927581,Popincourt,Paris,48.85959,2.37762,480,480
33113420,249251692,Gobelins,Paris,48.8307,2.3449,481,481
34441389,2243460,Menilmontant,Paris,48.85059,2.40211,482,482
35423411,47565689,Gobelins,Paris,48.83237,2.35547,483,483
35563732,11035983,Buttes-Chaumont,Paris,48.88789,2.38678,484,484
37552330,7216863,Buttes-Chaumont,Paris,48.87624,2.40282,485,485
3316596,16745144,Buttes-Chaumont,Paris,48.88847,2.39146,486,486
3509572,5579682,Palais-Bourbon,Paris,48.85518,2.30509,487,487
6205533,9343693,Hotel-de-Ville,Paris,48.85207,2.35813,488,488
7036529,16477836,Vaugirard,Paris,48.83715,2.29511,489,489
8222051,21359726,Menilmontant,Paris,48.87256,2.39432,490,490
8461974,44544874,Passy,Paris,48.87016,2.288,491,491
12666900,16170556,Elysee,Paris,48.86706,2.30799,492,492
12779588,10220878,Enclos-St-Laurent,Paris,48.87518,2.35468,493,493
15696188,45255232,Passy,Paris,48.85635,2.28455,494,494
15815697,14704473,Gobelins,Paris,48.82789,2.36675,495,495
17835119,8637591,Buttes-Montmartre,Paris,48.88918,2.34596,496,496
19196815,45133768,Enclos-St-Laurent,Paris,48.87491,2.36965,497,497
19587624,85102074,Menilmontant,Paris,48.86722,2.39459,498,498
19694695,6957273,Buttes-Chaumont,Paris,48.88175,2.38741,499,499
22159095,28281528,Buttes-Montmartre,Paris,48.88841,2.32596,500,500
